{"cameraMode":{"drawMode":0,"name":"Shaded","section":"Shading Mode"},"sceneLighting":true,"audioPlay":false,"sceneViewState":{"showFog":true,"showMaterialUpdate":true,"showSkybox":true,"showFlares":true,"showImageEffects":true,"showParticleSystems":true},"in2DMode":false,"pivot":{"x":0.7609657049179077,"y":2.3960983753204347,"z":-2.6364822387695314},"rotation":{"x":0.05371570214629173,"y":0.7092563509941101,"z":-0.054364241659641269,"w":0.7007958889007568},"size":4.699929714202881,"orthographic":false}