{"cameraMode":{"drawMode":0,"name":"Shaded","section":"Shading Mode"},"sceneLighting":true,"audioPlay":false,"sceneViewState":{"showFog":true,"showMaterialUpdate":true,"showSkybox":true,"showFlares":true,"showImageEffects":true,"showParticleSystems":true},"in2DMode":false,"pivot":{"x":11.987915992736817,"y":3.7600817680358888,"z":32.51978302001953},"rotation":{"x":0.032795827835798267,"y":-0.6238768696784973,"z":0.026218265295028688,"w":0.7803943157196045},"size":7.163568496704102,"orthographic":true}