{"cameraMode":{"drawMode":0,"name":"Shaded","section":"Shading Mode"},"sceneLighting":false,"audioPlay":false,"sceneViewState":{"showFog":true,"showMaterialUpdate":false,"showSkybox":false,"showFlares":true,"showImageEffects":true,"showParticleSystems":true},"in2DMode":false,"pivot":{"x":0.9999996423721314,"y":0.942908763885498,"z":0.15251374244689942},"rotation":{"x":0.15976570546627046,"y":0.6664177179336548,"z":-0.14937351644039155,"w":0.7127785682678223},"size":2.0283334255218508,"orthographic":true}