{"cameraMode":{"drawMode":0,"name":"Shaded","section":"Shading Mode"},"sceneLighting":true,"audioPlay":false,"sceneViewState":{"showFog":true,"showMaterialUpdate":true,"showSkybox":true,"showFlares":true,"showImageEffects":true,"showParticleSystems":true},"in2DMode":false,"pivot":{"x":0.0,"y":3.7200000286102297,"z":10.569999694824219},"rotation":{"x":0.08148978650569916,"y":0.8863277435302734,"z":-0.17091821134090424,"w":0.42258137464523318},"size":10.135381698608399,"orthographic":false}