{"cameraMode":{"drawMode":0,"name":"Shaded","section":"Shading Mode"},"sceneLighting":true,"audioPlay":false,"sceneViewState":{"showFog":false,"showMaterialUpdate":false,"showSkybox":false,"showFlares":false,"showImageEffects":false,"showParticleSystems":false},"in2DMode":false,"pivot":{"x":4.410308837890625,"y":5.747123718261719,"z":14.241787910461426},"rotation":{"x":-0.03845200687646866,"y":0.7196504473686218,"z":0.039981659501791,"w":0.6921175718307495},"size":8.01931095123291,"orthographic":false}