{"cameraMode":{"drawMode":0,"name":"Shaded","section":"Shading Mode"},"sceneLighting":false,"audioPlay":false,"sceneViewState":{"showFog":true,"showMaterialUpdate":false,"showSkybox":false,"showFlares":true,"showImageEffects":true,"showParticleSystems":true},"in2DMode":false,"pivot":{"x":-2.8464748859405519,"y":1.771256446838379,"z":11.978463172912598},"rotation":{"x":0.017902936786413194,"y":-0.9293977618217468,"z":0.36583489179611208,"w":0.045481763780117038},"size":6.912964344024658,"orthographic":false}