{"cameraMode":{"drawMode":0,"name":"Shaded","section":"Shading Mode"},"sceneLighting":false,"audioPlay":false,"sceneViewState":{"showFog":true,"showMaterialUpdate":false,"showSkybox":false,"showFlares":true,"showImageEffects":true,"showParticleSystems":true},"in2DMode":false,"pivot":{"x":0.0,"y":3.7200000286102297,"z":15.130000114440918},"rotation":{"x":-0.1335591971874237,"y":-0.8323440551757813,"z":0.48712480068206789,"w":-0.2282106876373291},"size":3.8568382263183595,"orthographic":false}