{"cameraMode":{"drawMode":0,"name":"Shaded","section":"Shading Mode"},"sceneLighting":false,"audioPlay":false,"sceneViewState":{"showFog":true,"showMaterialUpdate":false,"showSkybox":false,"showFlares":true,"showImageEffects":true,"showParticleSystems":true},"in2DMode":false,"pivot":{"x":0.001468062400817871,"y":4.065733909606934,"z":8.876708984375},"rotation":{"x":-0.027001498267054559,"y":-0.9728500843048096,"z":0.17100493609905244,"w":-0.15360774099826814},"size":4.768270492553711,"orthographic":true}